chromosome	position	value
chr1	3417953	0.74634
chrX	152662801	0.50036
chr7	55281536	0.82376
chr4	9168943	0.73375
chr1	13170641	0.42181
